species	taxid	genus	subfamily	family	superfamily	infraorder	suborder	order	subclass	class	subphylum	phylum	GC_timing	GC_mech	GC_mech_evidence
Acanthoscelides obtectus	200917	Acanthoscelides	Bruchinae	Chrysomelidae	Chrysomeloidea	Cucujiformia	Polyphaga	Coleoptera	Pterygota	Insecta	Hexapoda	Arthropoda	1	GP	GP_obs
Acarus siro	66546	Acarus	Acarinae	Acaridae	Acaroidea		Astigmata	Sarcoptiformes	Acari	Arachnida	Chelicerata	Arthropoda	3	IND	
Acheta domesticus	6997	Acheta	Gryllinae	Gryllidae	Grylloidea	Gryllidea	Ensifera	Orthoptera	Pterygota	Insecta	Hexapoda	Arthropoda	2	IND	
Acyrthosiphon pisum	7029	Acyrthosiphon	Aphidinae	Aphididae	Aphidoidea	Aphidomorpha	Sternorrhyncha	Hemiptera	Pterygota	Insecta	Hexapoda	Arthropoda	2	GP	GP_obs
Aedes aegypti	7159	Aedes	Culicinae	Culicidae	Culicoidea	Culicomorpha	Nematocera	Diptera	Pterygota	Insecta	Hexapoda	Arthropoda	1	GP	GP_obs
Allacma fusca	39272	Allacma		Sminthuridae				Symphypleona		Collembola	Hexapoda	Arthropoda	1	GP	
Amata fortunei	1178054	Amata	Arctiinae	Erebidae	Noctuoidea	Neolepidoptera	Glossata	Lepidoptera	Pterygota	Insecta	Hexapoda	Arthropoda	2	IND	
Anaspides tasmaniae	77687	Anaspides		Anaspididae				Anaspidacea	Eumalacostraca	Malacostraca	Crustacea	Arthropoda	3	IND	
Anopheles gambiae	7165	Anopheles	Anophelinae	Culicidae	Culicoidea	Culicomorpha	Nematocera	Diptera	Pterygota	Insecta	Hexapoda	Arthropoda	1	GP	GP_obs
Antheraea pernyi	7119	Antheraea	Saturniinae	Saturniidae	Bombycoidea	Neolepidoptera	Glossata	Lepidoptera	Pterygota	Insecta	Hexapoda	Arthropoda	3	IND	
Apis mellifera	7460	Apis	Apinae	Apidae	Apoidea	Aculeata	Apocrita	Hymenoptera	Pterygota	Insecta	Hexapoda	Arthropoda	3	IND	
Archipsocopsis fernandi		Archipsocopsis		Archipsocidae				Psocodea		Insecta	Hexapoda	Arthropoda	2	IND	
Armadillidium nasatum	96803	Armadillidium		Armadillidiidae			Oniscidea	Isopoda	Eumalacostraca	Malacostraca	Crustacea	Arthropoda	2	IND	
Armadillidium vulgare	13347	Armadillidium		Armadillidiidae			Oniscidea	Isopoda	Eumalacostraca	Malacostraca	Crustacea	Arthropoda	2	IND	
Artemia salina	85549	Artemia		Artemiidae				Anostraca	Sarsostraca	Branchiopoda	Crustacea	Arthropoda	3	IND	
Asellus aquaticus	92525	Asellus		Asellidae	Aselloidea		Asellota	Isopoda	Eumalacostraca	Malacostraca	Crustacea	Arthropoda	2	IND	
Athalia rosae	37344	Athalia		Athaliidae	Tenthredinoidea			Hymenoptera	Pterygota	Insecta	Hexapoda	Arthropoda	1	GP	
Bactrocera tryoni	59916	Bactrocera	Dacinae	Tephritidae	Tephritoidea	Muscomorpha	Brachycera	Diptera	Pterygota	Insecta	Hexapoda	Arthropoda	1	GP	GP_obs
Bactrothrips brevitubus	453547	Bactrothrips	Idolothripinae	Phlaeothripidae	Phlaeothripoidea		Tubulifera	Thysanoptera	Pterygota	Insecta	Hexapoda	Arthropoda	1	GP	GP_obs
Blattella germanica	6973	Blattella		Blattellidae	Blaberoidea			Blattodea	Pterygota	Insecta	Hexapoda	Arthropoda	2	IND	
Blissus leucopterus hirtus		Blissus		Blissidae				Hemiptera		Insecta	Hexapoda	Arthropoda	2	IND	
Bombyx mori	7091	Bombyx	Bombycinae	Bombycidae	Bombycoidea	Neolepidoptera	Glossata	Lepidoptera	Pterygota	Insecta	Hexapoda	Arthropoda	2	IND	GP_exp
Bopyroides hippolytes	398854	Bopyroides		Bopyridae	Bopyridoidea		Epicaridea	Isopoda	Eumalacostraca	Malacostraca	Crustacea	Arthropoda	3	IND	
Bradysia coprophila	38358	Bradysia		Sciaridae	Sciaroidea	Bibionomorpha	Nematocera	Diptera	Pterygota	Insecta	Hexapoda	Arthropoda	1	GP	GP_obs
Byasa alcinous alcinous	3047439	Byasa	Papilioninae	Papilionidae	Papilionoidea	Neolepidoptera	Glossata	Lepidoptera	Pterygota	Insecta	Hexapoda	Arthropoda	2	IND	
Bythotrephes longimanus	77748	Bythotrephes		Cercopagididae		Onychopoda	Cladocera	Diplostraca	Phyllopoda	Branchiopoda	Crustacea	Arthropoda	1	GP	GP_obs
Calligrapha multipunctata	216187	Calligrapha	Chrysomelinae	Chrysomelidae	Chrysomeloidea	Cucujiformia	Polyphaga	Coleoptera	Pterygota	Insecta	Hexapoda	Arthropoda	1	GP	GP_exp
Calliphora vicina	7373	Calliphora	Calliphorinae	Calliphoridae	Oestroidea	Muscomorpha	Brachycera	Diptera	Pterygota	Insecta	Hexapoda	Arthropoda	1	GP	GP_obs
Callosobruchus maculatus	64391	Callosobruchus	Bruchinae	Chrysomelidae	Chrysomeloidea	Cucujiformia	Polyphaga	Coleoptera	Pterygota	Insecta	Hexapoda	Arthropoda	1	GP	GP_exp
Camponotus floridanus	104421	Camponotus	Formicinae	Formicidae	Formicoidea	Aculeata	Apocrita	Hymenoptera	Pterygota	Insecta	Hexapoda	Arthropoda	1	GP	GP_obs
Carausius morosus	7022	Carausius	Lonchodinae	Lonchodidae		Anareolatae	Verophasmatodea	Phasmatodea	Pterygota	Insecta	Hexapoda	Arthropoda	3	IND	
Caridina laevis		Cardina		Atyidae				Decapoda		Malacostraca	Crustacea	Arthropoda	3	IND	
Cheyletus eruditus		Cheyletus		Cheyletidae				Trombidiformes		Arachnida	Chelicerata	Arthropoda	3	IND	
Chironomus confinis		Chironomus		Chironomidae				Diptera		Insecta	Hexapoda	Arthropoda	1	GP	GP_obs
Chironomus sp.	7152	Chironomus	Chironominae	Chironomidae	Chironomoidea	Culicomorpha	Nematocera	Diptera	Pterygota	Insecta	Hexapoda	Arthropoda	1	GP	
Clogmia albipunctata	85120	Clogmia	Psychodinae	Psychodidae	Psychodoidea	Psychodomorpha	Nematocera	Diptera	Pterygota	Insecta	Hexapoda	Arthropoda	2	IND	IND_exp
Coeloides vancouverensis		Coeloides		Braconidae				Hymenoptera		Insecta	Hexapoda	Arthropoda	1	GP	GP_obs
Conocephalus brevipennis	1720644	Conocephalus	Conocephalinae	Tettigoniidae	Tettigonioidea	Tettigoniidea	Ensifera	Orthoptera	Pterygota	Insecta	Hexapoda	Arthropoda	3	IND	
Copidosoma floridanum	29053	Copidosoma	Encyrtinae	Encyrtidae	Chalcidoidea	Proctotrupomorpha	Apocrita	Hymenoptera	Pterygota	Insecta	Hexapoda	Arthropoda	1	GP	GP_exp
Cosmoconus meridionator	494146	Cosmoconus	Tryphoninae	Ichneumonidae	Ichneumonoidea		Apocrita	Hymenoptera	Pterygota	Insecta	Hexapoda	Arthropoda	1	GP	GP_obs
Ctenocephalides felis	7515	Ctenocephalides	Archaeopsyllinae	Pulicidae	Pulicoidea		Pulicomorpha	Siphonaptera	Pterygota	Insecta	Hexapoda	Arthropoda	1	GP	
Culex quinquefasciatus	7176	Culex	Culicinae	Culicidae	Culicoidea	Culicomorpha	Nematocera	Diptera	Pterygota	Insecta	Hexapoda	Arthropoda	1	GP	GP_obs
Culiseta inornata	704160	Culiseta	Culicinae	Culicidae	Culicoidea	Culicomorpha	Nematocera	Diptera	Pterygota	Insecta	Hexapoda	Arthropoda	1	GP	GP_obs
Cyathura polita	1857755	Cyathura		Anthuridae			Anthuridea	Isopoda	Eumalacostraca	Malacostraca	Crustacea	Arthropoda	3	IND	
Daphnia magna	35525	Daphnia		Daphniidae		Anomopoda	Cladocera	Diplostraca	Phyllopoda	Branchiopoda	Crustacea	Arthropoda	1	GP	GP_obs
Dermestes frischii	452470	Dermestes	Dermestinae	Dermestidae	Bostrichoidea	Bostrichiformia	Polyphaga	Coleoptera	Pterygota	Insecta	Hexapoda	Arthropoda	2	GP	GP_obs
Drosophila melanogaster	7227	Drosophila	Drosophilinae	Drosophilidae	Ephydroidea	Muscomorpha	Brachycera	Diptera	Pterygota	Insecta	Hexapoda	Arthropoda	1	GP	GP_exp
Endoclita signifer	1820040	Endoclita		Hepialidae	Hepialoidea	Neolepidoptera	Glossata	Lepidoptera	Pterygota	Insecta	Hexapoda	Arthropoda	2	IND	
Eoperipatus weldoni		Eoperipatus		Peripatidae				Euonychophora		Udeonychophora		Onychophora	3	IND	
Epiophlebia superstes	126247	Epiophlebia		Epiophlebiidae		Anisozygoptera	Epiprocta	Odonata	Pterygota	Insecta	Hexapoda	Arthropoda	2	IND	
Epiperipatus biolleyi	172520	Epiperipatus		Peripatidae				Euonychophora		Udeonychophora		Onychophora	3	IND	
Epiphyas postvittana	65032	Epiphyas	Tortricinae	Tortricidae	Tortricoidea	Neolepidoptera	Glossata	Lepidoptera	Pterygota	Insecta	Hexapoda	Arthropoda	2	IND	
Forficula auricularia	13068	Forficula		Forficulidae	Forficuloidea	Epidermaptera	Neodermaptera	Dermaptera	Pterygota	Insecta	Hexapoda	Arthropoda	2	IND	
Gammarus pulex	52641	Gammarus		Gammaridae	Gammaroidea	Gammarida	Senticaudata	Amphipoda	Eumalacostraca	Malacostraca	Crustacea	Arthropoda	2	IND	
Glomeris marginata	62006	Glomeris		Glomeridae				Glomerida	Pentazonia	Diplopoda	Myriapoda	Arthropoda	3	IND	
Gryllus bimaculatus	6999	Gryllus	Gryllinae	Gryllidae	Grylloidea	Gryllidea	Ensifera	Orthoptera	Pterygota	Insecta	Hexapoda	Arthropoda	3	IND	IND_exp
Gryllus campestris	58607	Gryllus	Gryllinae	Gryllidae	Grylloidea	Gryllidea	Ensifera	Orthoptera	Pterygota	Insecta	Hexapoda	Arthropoda	2	IND	
Habrobracon hebetor	69819	Habrobracon	Braconinae	Braconidae	Ichneumonoidea		Apocrita	Hymenoptera	Pterygota	Insecta	Hexapoda	Arthropoda	1	GP	GP_obs
Hanseniella agilis		Hanseniella		Scutigerellidae				Cephalostigmata		Symphyla	Myriapoda	Arthropoda	3	IND	
Haplothrips verbasci	1720823	Haplothrips	Phlaeothripinae	Phlaeothripidae	Phlaeothripoidea		Tubulifera	Thysanoptera	Pterygota	Insecta	Hexapoda	Arthropoda	1	GP	GP_obs
Helicoverpa zea	7113	Helicoverpa	Heliothinae	Noctuidae	Noctuoidea	Neolepidoptera	Glossata	Lepidoptera	Pterygota	Insecta	Hexapoda	Arthropoda	2	IND	
Hemimysis lamornae	1592301	Hemimysis	Mysinae	Mysidae				Mysida	Eumalacostraca	Malacostraca	Crustacea	Arthropoda	2	IND	
Heterophrynus pumilio		Heterophrynus		Phrynidae				Amblypygi		Arachnida	Chelicerata	Arthropoda	3	IND	
Hypsibius dujardini	232323	Hypsibius		Hypsibiidae	Hypsibioidea			Parachela		Eutardigrada		Tardigrada	2	IND	
Icerya purchasi	249532	Icerya		Monophlebidae	Coccoidea		Sternorrhyncha	Hemiptera	Pterygota	Insecta	Hexapoda	Arthropoda	2	IND	
Idotea granulosa	119199	Idotea		Idoteidae			Valvifera	Isopoda	Eumalacostraca	Malacostraca	Crustacea	Arthropoda	2	IND	
Idotea neglecta	2874294	Idotea		Idoteidae			Valvifera	Isopoda	Eumalacostraca	Malacostraca	Crustacea	Arthropoda	2	IND	
Inocellia japonica	621228	Inocellia		Inocelliidae				Raphidioptera	Pterygota	Insecta	Hexapoda	Arthropoda	1	GP	
Labidura riparia	50449	Labidura		Labiduridae	Anisolabidoidea	Epidermaptera	Neodermaptera	Dermaptera	Pterygota	Insecta	Hexapoda	Arthropoda	1	GP	GP_obs
Lasius niger	67767	Lasius	Formicinae	Formicidae	Formicoidea	Aculeata	Apocrita	Hymenoptera	Pterygota	Insecta	Hexapoda	Arthropoda	1	GP	GP_obs
Lathonura rectirostris	381645	Lathonura		Macrothricidae		Anomopoda	Cladocera	Diplostraca	Phyllopoda	Branchiopoda	Crustacea	Arthropoda	2	IND	
Lepisma saccharina	50586	Lepisma		Lepismatidae				Zygentoma		Insecta	Hexapoda	Arthropoda	2	IND	
Leptinotarsa decemlineata	7539	Leptinotarsa	Chrysomelinae	Chrysomelidae	Chrysomeloidea	Cucujiformia	Polyphaga	Coleoptera	Pterygota	Insecta	Hexapoda	Arthropoda	1	GP	GP_exp
Ligia exotica	142080	Ligia		Ligiidae			Oniscidea	Isopoda	Eumalacostraca	Malacostraca	Crustacea	Arthropoda	3	IND	
Limnoria lignorum	2582962	Limnoria		Limnoriidae				Isopoda	Eumalacostraca	Malacostraca	Crustacea	Arthropoda	2	IND	
Limulus polyphemus	6850	Limulus		Limulidae				Xiphosura		Merostomata	Chelicerata	Arthropoda	3	IND	
Liposcelis divergens		Liposcelis		Liposcelididae				Psocodea		Insecta	Hexapoda	Arthropoda	2	IND	
Lissonota catenator		Lissonata		Ichneumonidae				Hymenoptera		Insecta	Hexapoda	Arthropoda	1	GP	GP_obs
Locusta migratoria	7004	Locusta	Oedipodinae	Acrididae	Acridoidea	Acrididea	Caelifera	Orthoptera	Pterygota	Insecta	Hexapoda	Arthropoda	3	IND	
Lucilia sericata	13632	Lucilia	Luciliinae	Calliphoridae	Oestroidea	Muscomorpha	Brachycera	Diptera	Pterygota	Insecta	Hexapoda	Arthropoda	1	GP	GP_obs
Luehdorfia japonica	76208	Luehdorfia	Parnassiinae	Papilionidae	Papilionoidea	Neolepidoptera	Glossata	Lepidoptera	Pterygota	Insecta	Hexapoda	Arthropoda	2	IND	
Lytta viridana		Lytta		Meloidae				Coleoptera		Insecta	Hexapoda	Arthropoda	2	IND	
Macrobrachium nipponense	159736	Macrobrachium		Palaemonidae	Palaemonoidea	Caridea	Pleocyemata	Decapoda	Eumalacostraca	Malacostraca	Crustacea	Arthropoda	1	GP	GP_obs
Macrocentrus cingulum	535359	Macrocentrus	Macrocentrinae	Braconidae	Ichneumonoidea		Apocrita	Hymenoptera	Pterygota	Insecta	Hexapoda	Arthropoda	2	GP	GP_obs
Mayetiola destructor	39758	Mayetiola	Cecidomyiinae	Cecidomyiidae	Sciaroidea	Bibionomorpha	Nematocera	Diptera	Pterygota	Insecta	Hexapoda	Arthropoda	1	GP	
Meganyctiphanes norvegica	48144	Meganyctiphanes		Euphausiidae				Euphausiacea	Eumalacostraca	Malacostraca	Crustacea	Arthropoda	1	IND	GP_obs
Megaselia abdita	88686	Megaselia	Metopininae	Phoridae	Platypezoidea	Muscomorpha	Brachycera	Diptera	Pterygota	Insecta	Hexapoda	Arthropoda	1	GP	GP_obs
Melanoplus differentialis	30253	Melanoplus	Melanoplinae	Acrididae	Acridoidea	Acrididea	Caelifera	Orthoptera	Pterygota	Insecta	Hexapoda	Arthropoda	2	IND	
Melophagus ovinus	452749	Melophagus	Lipopteninae	Hippoboscidae	Hippoboscoidea	Muscomorpha	Brachycera	Diptera	Pterygota	Insecta	Hexapoda	Arthropoda	1	GP	GP_obs
Mesopodopsis orientalis	536617	Mesopodopsis	Mysinae	Mysidae				Mysida	Eumalacostraca	Malacostraca	Crustacea	Arthropoda	2	IND	
Messor pergandei	458889	Messor	Myrmicinae	Formicidae	Formicoidea	Aculeata	Apocrita	Hymenoptera	Pterygota	Insecta	Hexapoda	Arthropoda	1	GP	GP_obs
Miastor metraloas		Miastor		Cecidomyiidae				Diptera		Insecta	Hexapoda	Arthropoda	1	GP	GP_obs
Musca domestica	7370	Musca	Muscinae	Muscidae	Muscoidea	Muscomorpha	Brachycera	Diptera	Pterygota	Insecta	Hexapoda	Arthropoda	1	GP	GP_obs
Nasonia vitripennis	7425	Nasonia	Pteromalinae	Pteromalidae	Chalcidoidea	Proctotrupomorpha	Apocrita	Hymenoptera	Pterygota	Insecta	Hexapoda	Arthropoda	1	GP	GP_exp
Nebalia bipes	1032909	Nebalia		Nebaliidae				Leptostraca	Phyllocarida	Malacostraca	Crustacea	Arthropoda	3	IND	
Nematus ribesii	362087	Euura	Nematinae	Tenthredinidae	Tenthredinoidea			Hymenoptera	Pterygota	Insecta	Hexapoda	Arthropoda	3	IND	
Neomicropteryx nipponensis	245862	Neomicropteryx		Micropterigidae			Zeugloptera	Lepidoptera	Pterygota	Insecta	Hexapoda	Arthropoda	3	IND	
Neomysis integer	223650	Neomysis	Mysinae	Mysidae				Mysida	Eumalacostraca	Malacostraca	Crustacea	Arthropoda	2	IND	
Nymphalis antiopa	171592	Nymphalis	Nymphalinae	Nymphalidae	Papilionoidea	Neolepidoptera	Glossata	Lepidoptera	Pterygota	Insecta	Hexapoda	Arthropoda	2	IND	
Nymphon brevirostre	2268670	Nymphon		Nymphonidae				Pantopoda		Pycnogonida	Chelicerata	Arthropoda	3	IND	
Odontotaenius disjunctus	295546	Odontotaenius		Passalidae	Scarabaeoidea	Scarabaeiformia	Polyphaga	Coleoptera	Pterygota	Insecta	Hexapoda	Arthropoda	3	IND	
Oecanthus niveus	1425302	Oecanthus	Oecanthinae	Gryllidae	Grylloidea	Gryllidea	Ensifera	Orthoptera	Pterygota	Insecta	Hexapoda	Arthropoda	3	IND	
Oncopeltus fasciatus	7536	Oncopeltus	Lygaeinae	Lygaeidae	Lygaeoidea	Pentatomomorpha	Heteroptera	Hemiptera	Pterygota	Insecta	Hexapoda	Arthropoda	2	IND	
Opilio parietinus	121214	Opilio	Opilioninae	Phalangiidae	Phalangioidea		Palpatores	Opiliones		Arachnida	Chelicerata	Arthropoda	2	IND	
Opisthopatus roseus	1085567	Opisthopatus		Peripatopsidae				Euonychophora		Udeonychophora		Onychophora	3	IND	
Orchestia cavimana	1577145	Cryptorchestia		Talitridae	Talitroidea	Talitrida	Senticaudata	Amphipoda	Eumalacostraca	Malacostraca	Crustacea	Arthropoda	1	GP	
Orthagoriscicola muricata		Orthagoriscicola		Pandaridae				Hexanauplia		Siphonostomatoida	Crustacea	Arthropoda	2	IND	
Otiorhynchus ligustici	703594	Otiorhynchus	Entiminae	Curculionidae	Curculionoidea	Cucujiformia	Polyphaga	Coleoptera	Pterygota	Insecta	Hexapoda	Arthropoda	1	GP	GP_obs
Pandarus sinuatus	3041738	Pandarus		Pandaridae				Siphonostomatoida	Copepoda	Hexanauplia	Crustacea	Arthropoda	1	GP	
Panorpa pryeri	309189	Panorpa		Panorpidae				Mecoptera	Pterygota	Insecta	Hexapoda	Arthropoda	2	GP	GP_obs
Panulirus japonicus	6736	Panulirus		Palinuridae	Palinuroidea	Achelata	Pleocyemata	Decapoda	Eumalacostraca	Malacostraca	Crustacea	Arthropoda	2	GP	
Paralimnadia stanleyana	1747216	Paralimnadia		Limnadiidae			Spinicaudata	Diplostraca	Phyllopoda	Branchiopoda	Crustacea	Arthropoda	3	IND	
Pararge aegeria	116150	Pararge	Satyrinae	Nymphalidae	Papilionoidea	Neolepidoptera	Glossata	Lepidoptera	Pterygota	Insecta	Hexapoda	Arthropoda	2	GP	GP_obs
Parasteatoda tepidariorum	114398	Parasteatoda		Theridiidae	Araneoidea		Araneomorphae	Araneae		Arachnida	Chelicerata	Arthropoda	3	IND	
Parhyale hawaiensis	317513	Parhyale		Hyalidae	Hyaloidea	Talitrida	Senticaudata	Amphipoda	Eumalacostraca	Malacostraca	Crustacea	Arthropoda	1	GP	GP_exp
Parnassius glacialis		Parnassius	Parnassiinae	Papilionidae	Papilionoidea	Neolepidoptera	Glossata	Lepidoptera	Pterygota	Insecta	Hexapoda	Arthropoda	2	IND	
Pauropus silvaticus		Pauropus		Pauropodidae				Tetramerocerata		Pauropoda	Myriapoda	Arthropoda	3	IND	
Pectinophora gossypiella	13191	Pectinophora	Apatetrinae	Gelechiidae	Gelechioidea	Neolepidoptera	Glossata	Lepidoptera	Pterygota	Insecta	Hexapoda	Arthropoda	2	GP	GP_obs
Penaeus japonicus	27405	Penaeus		Penaeidae	Penaeoidea		Dendrobranchiata	Decapoda	Eumalacostraca	Malacostraca	Crustacea	Arthropoda	2	GP	GP_obs
Penaeus monodon	6687	Penaeus		Penaeidae	Penaeoidea		Dendrobranchiata	Decapoda	Eumalacostraca	Malacostraca	Crustacea	Arthropoda	2	GP	GP_obs
Penaeus vannamei	6689	Penaeus		Penaeidae	Penaeoidea		Dendrobranchiata	Decapoda	Eumalacostraca	Malacostraca	Crustacea	Arthropoda	2	GP	GP_obs
Penilia avirostris	124140	Penilia		Sididae		Ctenopoda	Cladocera	Diplostraca	Phyllopoda	Branchiopoda	Crustacea	Arthropoda	3	IND	
Peripatopsis balfouri	574531	Peripatopsis		Peripatopsidae				Euonychophora		Udeonychophora		Onychophora	3	IND	
Peripatopsis capensis	88308	Peripatopsis		Peripatopsidae				Euonychophora		Udeonychophora		Onychophora	3	IND	
Peripatopsis moseleyi	574533	Peripatopsis		Peripatopsidae				Euonychophora		Udeonychophora		Onychophora	2	IND	
Peripatopsis sedgwicki	574535	Peripatopsis		Peripatopsidae				Euonychophora		Udeonychophora		Onychophora	3	IND	
Blatta orientalis		Blatta	Blattinae	Blattidae	Blattoidea			Blattodea	Pterygota	Insecta	Hexapoda	Arthropoda	2	IND	
Phalangium opilio	118624	Phalangium	Phalangiinae	Phalangiidae	Phalangioidea		Palpatores	Opiliones		Arachnida	Chelicerata	Arthropoda	2	IND	
Phlebotomus papatasi	29031	Phlebotomus	Phlebotominae	Psychodidae	Psychodoidea	Psychodomorpha	Nematocera	Diptera	Pterygota	Insecta	Hexapoda	Arthropoda	1	GP	GP_obs
Phormia regina	7380	Phormia	Chrysomyinae	Calliphoridae	Oestroidea	Muscomorpha	Brachycera	Diptera	Pterygota	Insecta	Hexapoda	Arthropoda	1	GP	GP_obs
Pieris rapae	64459	Pieris	Pierinae	Pieridae	Papilionoidea	Neolepidoptera	Glossata	Lepidoptera	Pterygota	Insecta	Hexapoda	Arthropoda	3	IND	
Pimpla turionellae	2598068	Pimpla	Pimplinae	Ichneumonidae	Ichneumonoidea		Apocrita	Hymenoptera	Pterygota	Insecta	Hexapoda	Arthropoda	1	GP	GP_exp
Planococcus citri	170843	Planococcus		Pseudococcidae	Coccoidea		Sternorrhyncha	Hemiptera	Pterygota	Insecta	Hexapoda	Arthropoda	2	IND	
Polyphemus pediculus	77662	Polyphemus		Polyphemidae		Onychopoda	Cladocera	Diplostraca	Phyllopoda	Branchiopoda	Crustacea	Arthropoda	1	GP	GP_obs
Porcellio laevis	262335	Porcellio		Porcellionidae			Oniscidea	Isopoda	Eumalacostraca	Malacostraca	Crustacea	Arthropoda	2	IND	
Porcellio scaber	64697	Porcellio		Porcellionidae			Oniscidea	Isopoda	Eumalacostraca	Malacostraca	Crustacea	Arthropoda	2	IND	
Porcellionides pruinosus	96870	Porcellionides		Porcellionidae			Oniscidea	Isopoda	Eumalacostraca	Malacostraca	Crustacea	Arthropoda	2	IND	
Propallene longiceps	261981	Propallene		Callipallenidae				Pantopoda		Pycnogonida	Chelicerata	Arthropoda	3	IND	
Pycnogonum litorale	261975	Pycnogonum		Pycnogonidae				Pantopoda		Pycnogonida	Chelicerata	Arthropoda	3	IND	
Rhodnius prolixus	13249	Rhodnius	Triatominae	Reduviidae	Reduvioidea	Cimicomorpha	Heteroptera	Hemiptera	Pterygota	Insecta	Hexapoda	Arthropoda	2	IND	
Rhombodera crassa		Rhombodera		Mantidae				Mantodea		Insecta	Hexapoda	Arthropoda	3	IND	
Schistocerca gregaria	7010	Schistocerca	Cyrtacanthacridinae	Acrididae	Acridoidea	Acrididea	Caelifera	Orthoptera	Pterygota	Insecta	Hexapoda	Arthropoda	2	IND	
Sciara sp.	2939012	Sciara		Sciaridae	Sciaroidea	Bibionomorpha	Nematocera	Diptera	Pterygota	Insecta	Hexapoda	Arthropoda	1	GP	GP_obs
Scolopendra cingulata	41365	Scolopendra		Scolopendridae				Scolopendromorpha	Pleurostigmophora	Chilopoda	Myriapoda	Arthropoda	2	IND	
Sialis mitsuhashii okamoto		Sialis		Sialidae				Megaloptera		Insecta	Hexapoda	Arthropoda	2	IND	
Sicyonia ingentis	64469	Sicyonia		Sicyoniidae	Penaeoidea		Dendrobranchiata	Decapoda	Eumalacostraca	Malacostraca	Crustacea	Arthropoda	2	IND	GP_obs
Simocephalus vetulus	77651	Simocephalus		Daphniidae		Anomopoda	Cladocera	Diplostraca	Phyllopoda	Branchiopoda	Crustacea	Arthropoda	2	IND	GP_obs
Simulium pictipes	630748	Simulium	Simuliinae	Simuliidae	Chironomoidea	Culicomorpha	Nematocera	Diptera	Pterygota	Insecta	Hexapoda	Arthropoda	1	GP	GP_obs
Sitophilus oryzae	7048	Sitophilus	Dryophthorinae	Curculionidae	Curculionoidea	Cucujiformia	Polyphaga	Coleoptera	Pterygota	Insecta	Hexapoda	Arthropoda	1	GP	
Smittia sp.	2908793	Smittia	Orthocladiinae	Chironomidae	Chironomoidea	Culicomorpha	Nematocera	Diptera	Pterygota	Insecta	Hexapoda	Arthropoda	1	GP	GP_obs
Sphenophorus callosus		Sphenophorus		Curculionidae				Coleoptera		Insecta	Hexapoda	Arthropoda	1	GP	GP_exp
Spilosoma virginica	214366	Spilosoma	Arctiinae	Erebidae	Noctuoidea	Neolepidoptera	Glossata	Lepidoptera	Pterygota	Insecta	Hexapoda	Arthropoda	3	IND	
Stenopsyche griseipennis	1876104	Stenopsyche	Stenopsychinae	Stenopsychidae	Philopotamoidea		Annulipalpia	Trichoptera	Pterygota	Insecta	Hexapoda	Arthropoda	3	IND	
Stomoxys calcitrans	35570	Stomoxys	Muscinae	Muscidae	Muscoidea	Muscomorpha	Brachycera	Diptera	Pterygota	Insecta	Hexapoda	Arthropoda	1	GP	
Strigamia maritima	126957	Strigamia		Linotaeniidae				Geophilomorpha	Pleurostigmophora	Chilopoda	Myriapoda	Arthropoda	2	IND	
Stylops spp.		Stylops		Stylopidae				Strepsiptera		Insecta	Hexapoda	Arthropoda	3	IND	
Tenebrio molitor	7067	Tenebrio	Tenebrioninae	Tenebrionidae	Tenebrionoidea	Cucujiformia	Polyphaga	Coleoptera	Pterygota	Insecta	Hexapoda	Arthropoda	2	IND	
Tetranychus urticae	32264	Tetranychus		Tetranychidae	Tetranychoidea	Eleutherengona	Prostigmata	Trombidiformes	Acari	Arachnida	Chelicerata	Arthropoda	1	GP	GP_obs
Tetrodontophora bielanensis	48717	Tetrodontophora	Tetrodontophorinae	Onychiuridae	Poduroidea			Poduromorpha		Collembola	Hexapoda	Arthropoda	1	GP	GP_obs
Thermobia domestica	89055	Thermobia		Lepismatidae				Zygentoma		Insecta	Hexapoda	Arthropoda	3	IND	
Thulinia stephaniae	86846	Thulinius		Doryphoribiidae	Isohypsibioidea			Parachela		Eutardigrada		Tardigrada	2	IND	IND_exp
Tisbe furcata	291243	Tisbe		Tisbidae				Harpacticoida	Copepoda	Hexanauplia	Crustacea	Arthropoda	1	IND	
Tomocerus cuspidatus	1519115	Tomocerus		Tomoceridae	Tomoceroidea			Entomobryomorpha		Collembola	Hexapoda	Arthropoda	2	IND	
Tomocerus ishibashii yosii		Tomocerus		Tomoceridae				Entomobryomorpha		Collembola	Hexapoda	Arthropoda	2	IND	
Tribolium castaneum	7070	Tribolium		Tenebrionidae	Tenebrionoidea	Cucujiformia	Polyphaga	Coleoptera	Pterygota	Insecta	Hexapoda	Arthropoda	2	IND	IND_exp
Tribolium confusum	7071	Tribolium		Tenebrionidae	Tenebrionoidea	Cucujiformia	Polyphaga	Coleoptera	Pterygota	Insecta	Hexapoda	Arthropoda	2	IND	
Trichogramma evanescens	72267	Trichogramma		Trichogrammatidae	Chalcidoidea	Proctotrupomorpha	Apocrita	Hymenoptera	Pterygota	Insecta	Hexapoda	Arthropoda	1	GP	GP_obs
Triops granarius	109777	Triops		Triopsidae				Notostraca	Phyllopoda	Branchiopoda	Crustacea	Arthropoda	3	IND	
Triops longicaudatus	58777	Triops		Triopsidae				Notostraca	Phyllopoda	Branchiopoda	Crustacea	Arthropoda	3	IND	
Euscorpius carpathicus		Euscorpius	Euscorpiinae	Euscorpiidae	Chactoidea			Scorpiones		Arachnida	Chelicerata	Arthropoda	2	IND	
Thelyphonus caudatus		Thelyphonus		Thelyphonidae				Uropygi		Arachnida	Chelicerata	Arthropoda	3	IND	
Agelena labyrinthica		Agelena		Agelenidae			Araneomorphae	Araneae		Arachnida	Chelicerata	Arthropoda	3	IND	
Diaptomus coeruleus		Eudiaptomus		Diaptomidae				Calanoida		Copepoda	Crustacea	Arthropoda	2	IND	
Doropygus gibber		Doropygus		Notodelphyidae				Cyclopoida		Copepoda	Crustacea	Arthropoda	2	IND	
Notopterophorus papilio		Notopterophorus		Notodelphyidae				Cyclopoida		Copepoda	Crustacea	Arthropoda	2	IND	
Petrobius brevistylis		Petrobius		Machilidae				Archaeognatha	Monocondylia	Insecta	Hexapoda	Arthropoda	3	IND	
Pyrrhocoris apterus		Pyrrhocoris		Pyrrhocoridae	Pyrrhocoroidea	Pentatomomorpha	Heteroptera	Hemiptera	Pterygota	Insecta	Hexapoda	Arthropoda	3	IND	
Carabus insulicola		Carabus	Carabinae	Carabidae	Caraboidea		Adephaga	Coleoptera	Pterygota	Insecta	Hexapoda	Arthropoda		IND	
Dineutus mellyi		Dineutus		Gyrinidae	Gyrinoidea		Adephaga	Coleoptera	Pterygota	Insecta	Hexapoda	Arthropoda		IND	
Hydaticus pacificus		Hydaticus	Dytiscinae	Dytiscidae	Dytiscoidea		Adephaga	Coleoptera	Pterygota	Insecta	Hexapoda	Arthropoda		IND	
Nipponoluciola cruciata		Nipponoluciola	Luciolinae	Lampyridae	Elateroidea	Elateriformia	Polyphaga	Coleoptera	Pterygota	Insecta	Hexapoda	Arthropoda		IND	
Panorpodes paradoxa		Panorpodes		Panorpodidae				Mecoptera		Insecta	Hexapoda	Arthropoda	2	IND	
Bittacus laevipes		Bittacus		Bittacidae				Mecoptera		Insecta	Hexapoda	Arthropoda	2	IND	
Boreus westwoodi		Boreus		Boreidae				Mecoptera	Pterygota	Insecta	Hexapoda	Arthropoda	2	IND	
Calanus finmarchicus		Calanus		Calanidae				Calanoida	Copepoda	Copepoda	Crustacea	Arthropoda	3	IND	
Drosophila americana		Drosophila	Drosophilinae	Drosophilidae	Ephydroidea	Muscomorpha	Brachycera	Diptera	Pterygota	Insecta	Hexapoda	Arthropoda	1	GP	GP_obs
Drosophila busckii		Drosophila	Drosophilinae	Drosophilidae	Ephydroidea	Muscomorpha	Brachycera	Diptera	Pterygota	Insecta	Hexapoda	Arthropoda	1	GP	GP_obs
Drosophila funebris		Drosophila	Drosophilinae	Drosophilidae	Ephydroidea	Muscomorpha	Brachycera	Diptera	Pterygota	Insecta	Hexapoda	Arthropoda	1	GP	GP_obs
Drosophila gibberosa		Drosophila	Drosophilinae	Drosophilidae	Ephydroidea	Muscomorpha	Brachycera	Diptera	Pterygota	Insecta	Hexapoda	Arthropoda	1	GP	GP_obs
Drosophila hydei		Drosophila	Drosophilinae	Drosophilidae	Ephydroidea	Muscomorpha	Brachycera	Diptera	Pterygota	Insecta	Hexapoda	Arthropoda	1	GP	GP_obs
Drosophila immigrans		Drosophila	Drosophilinae	Drosophilidae	Ephydroidea	Muscomorpha	Brachycera	Diptera	Pterygota	Insecta	Hexapoda	Arthropoda	1	GP	GP_exp
Drosophila repleta		Drosophila	Drosophilinae	Drosophilidae	Ephydroidea	Muscomorpha	Brachycera	Diptera	Pterygota	Insecta	Hexapoda	Arthropoda	1	GP	GP_obs
Drosophila virilis		Drosophila	Drosophilinae	Drosophilidae	Ephydroidea	Muscomorpha	Brachycera	Diptera	Pterygota	Insecta	Hexapoda	Arthropoda	1	GP	GP_obs
Drosophila willistoni		Drosophila	Drosophilinae	Drosophilidae	Ephydroidea	Muscomorpha	Brachycera	Diptera	Pterygota	Insecta	Hexapoda	Arthropoda	1	GP	GP_obs
Eudiaptomus vulgaris		Eudiaptomus		Diaptomidae				Calanoida	Copepoda	Copepoda	Crustacea	Arthropoda	3	IND	
Habrobracon juglandis		Habrobracon		Braconidae				Hymenoptera		Insecta	Hexapoda	Arthropoda	1	GP	GP_obs
Aquatica lateralis		Aquatica	Luciolinae	Lampyridae	Elateroidea	Elateriformia	Polyphaga	Coleoptera	Pterygota	Insecta	Hexapoda	Arthropoda		IND	
Hotaria parvula		Hotaria	Luciolinae	Lampyridae	Elateroidea	Elateriformia	Polyphaga	Coleoptera	Pterygota	Insecta	Hexapoda	Arthropoda		IND	
Pyrocoelia rufa		Pyrocoelia	Lampyrinae	Lampyridae	Elateroidea	Elateriformia	Polyphaga	Coleoptera	Pterygota	Insecta	Hexapoda	Arthropoda		IND	
Corynodes pusis		Corynodes	Eumolpinae	Chrysomelidae				Coleoptera		Insecta	Hexapoda	Arthropoda	1	GP	GP_obs
Anurida maritima		Anurida	Pseudachorutinae	Neanuridae	Poduroidea			Poduromorpha		Collembola	Hexapoda	Arthropoda	3	IND	
Cyprideis littoralis		Cyprideis		Cytherideidae				Podocopida		Ostracoda	Crustacea	Arthropoda	2	IND	
Holopedium gibberum		Holopedium		Holopediidae		Ctenopoda	Cladocera	Diplostraca	Phyllopoda	Branchiopoda	Crustacea	Arthropoda	2	IND	
Heterotanis oerstedi		Heterotanais		Leptocheliidae				Tanaidacea		Malacostraca		Arthropoda	2	IND	
Nymphon hirtum		Nymphon		Nymphonidae				Pantopoda		Pycnogonida	Chelicerata	Arthropoda	3	IND	
Endeis spinosa		Endeis		Endeidae				Pantopoda		Pycnogonida	Chelicerata	Arthropoda	3	IND	
Euryope terminalis		Euryope	Eumolpinae	Chrysomelidae				Coleoptera		Insecta	Hexapoda	Arthropoda	1	GP	GP_obs
Hydrophilus piceus		Hydrophilus	Hydrophilinae	Hydrophilidae	Hydrophiloidea	Staphyliniformia	Polyphaga	Coleoptera	Pterygota	Insecta	Hexapoda	Arthropoda	3	IND	
Phrynus marginemaculatus		Phrynus		Phrynidae				Amblypygi		Arachnida	Chelicerata	Arthropoda	3	IND	
Pselaphochernes scorpioides		Pselaphochernes		Chernetidae	Cheliferoidea			Pseudoscorpiones		Arachnida	Chelicerata	Arthropoda	3	IND	
Phyllophaga fervida		Phyllophaga	Melolonthinae	Scarabaeidae	Scarabaeoidea	Scarabaeiformia	Polyphaga	Coleoptera	Pterygota	Insecta	Hexapoda	Arthropoda	2	IND	